<?xml version="1.0" encoding="UTF-8"?>
<project-private xmlns="http://www.netbeans.org/ns/project-private/1">
    <editor-bookmarks xmlns="http://www.netbeans.org/ns/editor-bookmarks/2" lastBookmarkId="0"/>
    <open-files xmlns="http://www.netbeans.org/ns/projectui-open-files/2">
        <group>
            <file>file:/C:/Users/haze9/Desktop/DAM/M3%20Programació/club%20de%20futbol/ClubDeFutbol/src/clubdefutbol/ClubFutbolApp.java</file>
            <file>file:/C:/Users/haze9/Desktop/DAM/M3%20Programació/club%20de%20futbol/ClubDeFutbol/src/Persones/Treballadors/Jugadors/Jugador.java</file>
            <file>file:/C:/Users/haze9/Desktop/DAM/M3%20Programació/club%20de%20futbol/ClubDeFutbol/src/Persones/Treballadors/Jugadors/Migcampista.java</file>
            <file>file:/C:/Users/haze9/Desktop/DAM/M3%20Programació/club%20de%20futbol/ClubDeFutbol/src/Comprovacions/Dni.java</file>
            <file>file:/C:/Users/haze9/Desktop/DAM/M3%20Programació/club%20de%20futbol/ClubDeFutbol/src/Comprovacions/Telefon.java</file>
            <file>file:/C:/Users/haze9/Desktop/DAM/M3%20Programació/club%20de%20futbol/ClubDeFutbol/src/clubdefutbol/ClubFutbol.java</file>
            <file>file:/C:/Users/haze9/Desktop/DAM/M3%20Programació/club%20de%20futbol/ClubDeFutbol/src/Persones/Socis/Soci.java</file>
            <file>file:/C:/Users/haze9/Desktop/DAM/M3%20Programació/club%20de%20futbol/ClubDeFutbol/src/Persones/Treballadors/Jugadors/Davanter.java</file>
            <file>file:/C:/Users/haze9/Desktop/DAM/M3%20Programació/club%20de%20futbol/ClubDeFutbol/src/Persones/Treballadors/Preparador.java</file>
            <file>file:/C:/Users/haze9/Desktop/DAM/M3%20Programació/club%20de%20futbol/ClubDeFutbol/src/Persones/Treballadors/Entrenador.java</file>
            <file>file:/C:/Users/haze9/Desktop/DAM/M3%20Programació/club%20de%20futbol/ClubDeFutbol/src/Persones/Persona.java</file>
            <file>file:/C:/Users/haze9/Desktop/DAM/M3%20Programació/club%20de%20futbol/ClubDeFutbol/src/Persones/Treballadors/Jugadors/Defensa.java</file>
            <file>file:/C:/Users/haze9/Desktop/DAM/M3%20Programació/club%20de%20futbol/ClubDeFutbol/src/Persones/Treballadors/Plantilla.java</file>
            <file>file:/C:/Users/haze9/Desktop/DAM/M3%20Programació/club%20de%20futbol/ClubDeFutbol/src/Comprovacions/Email.java</file>
            <file>file:/C:/Users/haze9/Desktop/DAM/M3%20Programació/club%20de%20futbol/ClubDeFutbol/src/Persones/Treballadors/Jugadors/Porter.java</file>
        </group>
    </open-files>
</project-private>
